ticker,name,market
005930,삼성전자,KOSPI
000660,SK하이닉스,KOSPI
373220,LG에너지솔루션,KOSPI
207940,삼성바이오로직스,KOSPI
005380,현대차,KOSPI
005935,삼성전자우,KOSPI
068270,셀트리온,KOSPI
000270,기아,KOSPI
035420,NAVER,KOSPI
105560,KB금융,KOSPI
012450,한화에어로스페이스,KOSPI
329180,HD현대중공업,KOSPI
055550,신한지주,KOSPI
138040,메리츠금융지주,KOSPI
012330,현대모비스,KOSPI
005490,POSCO홀딩스,KOSPI
042660,한화오션,KOSPI
028260,삼성물산,KOSPI
096770,SK이노베이션,KOSPI
034020,두산에너빌리티,KOSPI
000810,삼성화재,KOSPI
032830,삼성생명,KOSPI
086790,하나금융지주,KOSPI
051910,LG화학,KOSPI
035720,카카오,KOSPI
010130,고려아연,KOSPI
011200,HMM,KOSPI
006400,삼성SDI,KOSPI
259960,크래프톤,KOSPI
009540,HD한국조선해양,KOSPI
015760,한국전력,KOSPI
267260,HD현대일렉트릭,KOSPI
066570,LG전자,KOSPI
402340,SK스퀘어,KOSPI
033780,KT&G,KOSPI
316140,우리금융지주,KOSPI
017670,SK텔레콤,KOSPI
024110,기업은행,KOSPI
030200,KT,KOSPI
010140,삼성중공업,KOSPI
323410,카카오뱅크,KOSPI
003670,포스코퓨처엠,KOSPI
003550,LG,KOSPI
034730,SK,KOSPI
009150,삼성전기,KOSPI
042700,한미반도체,KOSPI
352820,하이브,KOSPI
086280,현대글로비스,KOSPI
018260,삼성에스디에스,KOSPI
064350,현대로템,KOSPI
000100,유한양행,KOSPI
326030,SK바이오팜,KOSPI
003490,대한항공,KOSPI
010120,LS ELECTRIC,KOSPI
047050,포스코인터내셔널,KOSPI
005830,DB손해보험,KOSPI
090430,아모레퍼시픽,KOSPI
079550,LIG넥스원,KOSPI
003230,삼양식품,KOSPI
010950,S-Oil,KOSPI
450080,에코프로머티,KOSPI
443060,HD현대마린솔루션,KOSPI
272210,한화시스템,KOSPI
000150,두산,KOSPI
267250,HD현대,KOSPI  
047810,한국항공우주,KOSPI
021240,코웨이,KOSPI
005387,현대차2우B,KOSPI
180640,한진칼,KOSPI
011790,SKC,KOSPI
088980,맥쿼리인프라,KOSPI
051900,LG생활건강,KOSPI
029780,삼성카드,KOSPI
006800,미래에셋증권,KOSPI
064400,LG씨엔에스,KOSPI
241560,두산밥캣,KOSPI
034220,LG디스플레이,KOSPI
005940,NH투자증권,KOSPI
161390,한국타이어앤테크놀로지,KOSPI
454910,두산로보틱스,KOSPI
032640,LG유플러스,KOSPI
071050,한국금융지주,KOSPI
298040,효성중공업,KOSPI
010620,HD현대미포,KOSPI
377300,카카오페이,KOSPI
271560,오리온,KOSPI
016360,삼성증권,KOSPI
251270,넷마블,KOSPI
022100,포스코DX,KOSPI
000720,현대건설,KOSPI
011070,LG이노텍,KOSPI
036570,엔씨소프트,KOSPI
006260,LS,KOSPI
005385,현대차우,KOSPI
078930,GS,KOSPI
307950,현대오토에버,KOSPI
138930,BNK금융지주,KOSPI
302440,SK바이오사이언스,KOSPI
097950,CJ제일제당,KOSPI
462870,시프트업,KOSPI
028050,삼성E&A,KOSPI
009830,한화솔루션,KOSPI
175330,JB금융지주,KOSPI
004020,현대제철,KOSPI
035250,강원랜드,KOSPI
128940,한미약품,KOSPI
011780,금호석유,KOSPI
066970,엘앤에프,KOSPI
000880,한화,KOSPI
036460,한국가스공사,KOSPI
001040,CJ,KOSPI
039490,키움증권,KOSPI
018880,한온시스템,KOSPI
011170,롯데케미칼,KOSPI
383220,F&F,KOSPI
007660,이수페타시스,KOSPI
052690,한전기술,KOSPI
002380,KCC,KOSPI
001440,대한전선,KOSPI
004990,롯데지주,KOSPI
026960,동서,KOSPI
489790,한화비전,KOSPI
012510,더존비즈온,KOSPI
012750,에스원,KOSPI
018670,SK가스,KOSPI
081660,휠라홀딩스,KOSPI
088350,한화생명,KOSPI
020560,아시아나항공,KOSPI
000120,CJ대한통운,KOSPI
139480,이마트,KOSPI
062040,산일전기,KOSPI
001450,현대해상,KOSPI
017800,현대엘리베이,KOSPI
004370,농심,KOSPI
030000,제일기획,KOSPI
204320,HL만도,KOSPI
278470,에이피알,KOSPI
000990,DB하이텍,KOSPI
009420,한올바이오파마,KOSPI
028670,팬오션,KOSPI
361610,SK아이이테크놀로지,KOSPI
008930,한미사이언스,KOSPI
051600,한전KPS,KOSPI
111770,영원무역,KOSPI
082740,한화엔진,KOSPI
023530,롯데쇼핑,KOSPI
282330,BGF리테일,KOSPI
005070,코스모신소재,KOSPI
192820,코스맥스,KOSPI
002790,아모레퍼시픽홀딩스,KOSPI
112610,씨에스윈드,KOSPI
103140,풍산,KOSPI
042670,HD현대인프라코어,KOSPI
457190,이수스페셜티케미컬,KOSPI
008770,호텔신라,KOSPI
139130,DGB금융지주,KOSPI
005850,에스엘,KOSPI
003690,코리안리,KOSPI
006360,GS건설,KOSPI
007310,오뚜기,KOSPI
006280,녹십자,KOSPI
375500,DL이앤씨,KOSPI
010060,OCI홀딩스,KOSPI
069620,대웅제약,KOSPI
000240,한국앤컴퍼니,KOSPI
047040,대우건설,KOSPI
004170,신세계,KOSPI
073240,금호타이어,KOSPI
103590,일진전기,KOSPI
395400,SK리츠,KOSPI
006040,동원산업,KOSPI
161890,한국콜마,KOSPI
001720,신영증권,KOSPI
020150,롯데에너지머티리얼즈,KOSPI
000080,하이트진로,KOSPI
014680,한솔케미칼,KOSPI
007070,GS리테일,KOSPI
267270,HD현대건설기계,KOSPI
137310,에스디바이오센서,KOSPI
069960,현대백화점,KOSPI
007340,DN오토모티브,KOSPI
294870,HDC현대산업개발,KOSPI
003090,대웅,KOSPI
001570,금양,KOSPI
009970,영원무역홀딩스,KOSPI
229640,LS에코에너지,KOSPI
009450,경동나비엔,KOSPI
011210,현대위아,KOSPI
185750,종근당,KOSPI
014820,동원시스템즈,KOSPI
009240,한샘,KOSPI
001120,LX인터내셔널,KOSPI
300720,한일시멘트,KOSPI
004490,세방전지,KOSPI
004000,롯데정밀화학,KOSPI
336260,두산퓨얼셀,KOSPI
089860,롯데렌탈,KOSPI
108320,LX세미콘,KOSPI
192080,더블유게임즈,KOSPI
280360,롯데웰푸드,KOSPI
003570,SNT다이내믹스,KOSPI
365550,ESR켄달스퀘어리츠,KOSPI
298020,효성티앤씨,KOSPI
001740,SK네트웍스,KOSPI
034230,파라다이스,KOSPI
330590,롯데리츠,KOSPI
051915,LG화학우,KOSPI
001800,오리온홀딩스,KOSPI
005300,롯데칠성,KOSPI
353200,대덕전자,KOSPI
120110,코오롱인더,KOSPI
000500,가온전선,KOSPI
003030,세아제강지주,KOSPI
000815,삼성화재우,KOSPI
248070,솔루엠,KOSPI
298050,HS효성첨단소재,KOSPI
071970,HD현대마린엔진,KOSPI
039130,하나투어,KOSPI
001530,DI동일,KOSPI
415640,KB발해인프라,KOSPI
003850,보령,KOSPI
100090,SK오션플랜트,KOSPI
005180,빙그레,KOSPI
950210,프레스티지바이오파마,KOSPI
003540,대신증권,KOSPI
002840,미원상사,KOSPI
023590,다우기술,KOSPI
079160,CJ CGV,KOSPI
005440,현대지에프홀딩스,KOSPI
085620,미래에셋생명,KOSPI
079900,전진건설로봇,KOSPI
004800,효성,KOSPI
005420,코스모화학,KOSPI
003240,태광산업,KOSPI
012630,HDC,KOSPI
008730,율촌화학,KOSPI
017960,한국카본,KOSPI
001680,대상,KOSPI
281820,케이씨텍,KOSPI
145720,덴티움,KOSPI
192400,쿠쿠홀딩스,KOSPI
082640,동양생명,KOSPI
025540,한국단자,KOSPI
009410,태영건설,KOSPI
003530,한화투자증권,KOSPI
285130,SK케미칼,KOSPI
000670,영풍,KOSPI
214320,이노션,KOSPI
003620,KG모빌리티,KOSPI
002710,TCC스틸,KOSPI
030610,교보증권,KOSPI
030190,NICE평가정보,KOSPI
293940,신한알파리츠,KOSPI
336370,솔루스첨단소재,KOSPI
268280,미원에스씨,KOSPI
000210,DL,KOSPI
001430,세아베스틸지주,KOSPI
114090,GKL,KOSPI
006120,SK디스커버리,KOSPI
181710,NHN,KOSPI
069260,TKG휴켐스,KOSPI
005690,파미셀,KOSPI
005250,녹십자홀딩스,KOSPI
066575,LG전자우,KOSPI
006650,대한유화,KOSPI
451800,한화리츠,KOSPI
241590,화승엔터프라이즈,KOSPI
000155,두산우,KOSPI
484870,엠앤씨솔루션,KOSPI
381970,케이카,KOSPI
077970,STX엔진,KOSPI
032350,롯데관광개발,KOSPI
057050,현대홈쇼핑,KOSPI
016380,KG스틸,KOSPI
000640,동아쏘시오홀딩스,KOSPI
006380,카프로,KOSPI
100840,SNT에너지,KOSPI
017810,풀무원,KOSPI
089590,제주항공,KOSPI
178920,PI첨단소재,KOSPI
271940,일진하이솔루스,KOSPI
456040,OCI,KOSPI
00680K,미래에셋증권2우B,KOSPI
091810,티웨이항공,KOSPI
000400,롯데손해보험,KOSPI
005880,대한해운,KOSPI
010780,아이에스동서,KOSPI
090460,비에이치,KOSPI
017860,DS단석,KOSPI
344820,KCC글라스,KOSPI
002030,아세아,KOSPI
000070,삼양홀딩스,KOSPI
192650,드림텍,KOSPI
001060,JW중외제약,KOSPI
093370,후성,KOSPI
003470,유안타증권,KOSPI
002350,넥센타이어,KOSPI
272450,진에어,KOSPI
097230,HJ중공업,KOSPI
383800,LX홀딩스,KOSPI
009900,명신산업,KOSPI
071320,지역난방공사,KOSPI
036530,SNT홀딩스,KOSPI
403550,쏘카,KOSPI
003160,디아이,KOSPI
105630,한세실업,KOSPI
014830,유니드,KOSPI
195870,해성디에스,KOSPI
475150,SK이터닉스,KOSPI
006110,삼아알미늄,KOSPI
007700,F&F홀딩스,KOSPI
348950,제이알글로벌리츠,KOSPI
075580,세진중공업,KOSPI
002240,고려제강,KOSPI
003920,남양유업,KOSPI
093050,LF,KOSPI
016800,퍼시스,KOSPI
019170,신풍제약,KOSPI
377740,바이오노트,KOSPI
000370,한화손해보험,KOSPI
460860,동국제강,KOSPI
145990,삼양사,KOSPI
170900,동아에스티,KOSPI
284740,쿠쿠홈시스,KOSPI
453340,현대그린푸드,KOSPI
017940,E1,KOSPI
475560,더본코리아,KOSPI
499790,GS피앤엘,KOSPI
013890,지누스,KOSPI
306200,세아제강,KOSPI
003280,흥아해운,KOSPI
084690,대상홀딩스,KOSPI
097520,엠씨넥스,KOSPI
034120,SBS,KOSPI
003300,한일홀딩스,KOSPI
003545,대신증권우,KOSPI
448730,삼성FN리츠,KOSPI
002960,한국쉘석유,KOSPI
005610,SPC삼립,KOSPI
357120,코람코라이프인프라리츠,KOSPI
005810,풍산홀딩스,KOSPI
064960,SNT모티브,KOSPI
126560,현대퓨처넷,KOSPI
034310,NICE,KOSPI
003960,사조대림,KOSPI
029530,신도리코,KOSPI
183190,아세아시멘트,KOSPI
031430,신세계인터내셔날,KOSPI
130660,한전산업,KOSPI
094800,맵스리얼티,KOSPI
영진약품,003520,KOSPI
아모레퍼시픽우,090435,KOSPI
현대차3우B,005389,KOSPI
세아홀딩스,058650,KOSPI
애경케미칼,161000,KOSPI
한섬,020000,KOSPI
삼천리,004690,KOSPI
CJ4우(전환),00104K,KOSPI
대한제강,084010,KOSPI
애경산업,018250,KOSPI
한국금융지주우,071055,KOSPI
KB스타리츠,432320,KOSPI
한화3우B,00088K,KOSPI
조광피혁,004700,KOSPI
이아이디,093230,KOSPI
스틱인베스트먼트,026890,KOSPI
HL홀딩스,060980,KOSPI
서연이화,200880,KOSPI
부광약품,003000,KOSPI
SGC에너지,005090,KOSPI
LS네트웍스,000680,KOSPI
남해화학,025860,KOSPI
BGF,027410,KOSPI
YG PLUS,037270,KOSPI
백광산업,001340,KOSPI
일동제약,249420,KOSPI
대원제약,003220,KOSPI
백산,035150,KOSPI
한국자산신탁,123890,KOSPI
자화전자,033240,KOSPI
예스코홀딩스,015360,KOSPI
아세아제지,002310,KOSPI
신성통상,005390,KOSPI
수산인더스트리,126720,KOSPI
삼화콘덴서,001820,KOSPI
유나이티드제약,033270,KOSPI
롯데이노베이트,286940,KOSPI
대동,000490,KOSPI
국도화학,007690,KOSPI
현대코퍼레이션,011760,KOSPI
코리아써키트,007810,KOSPI
송원산업,004430,KOSPI
농심홀딩스,072710,KOSPI
엘브이엠씨홀딩스,900140,KOSPI
광동제약,009290,KOSPI
모토닉,009680,KOSPI
한국철강,104700,KOSPI
한진,002320,KOSPI
한농화성,011500,KOSPI
HD현대에너지솔루션,322000,KOSPI
LX하우시스,108670,KOSPI
디앤디플랫폼리츠,377190,KOSPI
부국증권,001270,KOSPI
교촌에프앤비,339770,KOSPI
삼화전기,009470,KOSPI
화승인더,006060,KOSPI
삼익THK,004380,KOSPI
KISCO홀딩스,001940,KOSPI
DB,012030,KOSPI
한일현대시멘트,006390,KOSPI
에어부산,298690,KOSPI
KG케미칼,001390,KOSPI
삼일제약,000520,KOSPI
신성이엔지,011930,KOSPI
LG생활건강우,051905,KOSPI
아이마켓코리아,122900,KOSPI
이리츠코크렙,088260,KOSPI
제주은행,006220,KOSPI
잇츠한불,226320,KOSPI
케이씨,029460,KOSPI
화신,010690,KOSPI
유진투자증권,001200,KOSPI
넥스틸,092790,KOSPI
CR홀딩스,000480,KOSPI
DB금융투자,016610,KOSPI
한국토지신탁,034830,KOSPI
NH투자증권우,005945,KOSPI
SIMPAC,009160,KOSPI
포스코스틸리온,058430,KOSPI
한화갤러리아,452260,KOSPI
대원전선,006340,KOSPI
삼진제약,005500,KOSPI
서울가스,017390,KOSPI
휴스틸,005010,KOSPI
대덕,008060,KOSPI
신대양제지,016590,KOSPI
대한제당,001790,KOSPI
콜마홀딩스,024720,KOSPI
이연제약,102460,KOSPI
삼영무역,002810,KOSPI
에이프로젠,007460,KOSPI
넥센,005720,KOSPI
동국홀딩스,001230,KOSPI
광주신세계,037710,KOSPI
세방,004360,KOSPI
대원강업,000430,KOSPI
코오롱ENP,138490,KOSPI
KPX홀딩스,092230,KOSPI
TYM,002900,KOSPI
삼양패키징,272550,KOSPI
종근당홀딩스,001630,KOSPI
SK증권,001510,KOSPI
인스코비,006490,KOSPI
도화엔지니어링,002150,KOSPI
JW홀딩스,096760,KOSPI
이지스밸류리츠,334890,KOSPI
삼성SDI우,006405,KOSPI
GS글로벌,001250,KOSPI
대성에너지,117580,KOSPI
한국화장품제조,003350,KOSPI
HDC랩스,039570,KOSPI
대한제분,001130,KOSPI
알루코,001780,KOSPI
스카이라이프,053210,KOSPI
코오롱,002020,KOSPI
HLB글로벌,003580,KOSPI
주성코퍼레이션,109070,KOSPI
일양약품,007570,KOSPI
환인제약,016580,KOSPI
삼부토건,001470,KOSPI
흥국화재,000540,KOSPI
한솔제지,213500,KOSPI
KPX케미칼,025000,KOSPI
조일알미늄,018470,KOSPI
삼영전자,005680,KOSPI
제이에스코퍼레이션,194370,KOSPI
일성아이에스,003120,KOSPI
하이트진로홀딩스,000140,KOSPI
KSS해운,044450,KOSPI
이월드,084680,KOSPI
현대비앤지스틸,004560,KOSPI
디아이씨,092200,KOSPI
동국씨엠,460850,KOSPI
신세계 I&C,035510,KOSPI
현대차증권,001500,KOSPI
오리엔트바이오,002630,KOSPI
서흥,008490,KOSPI
한미글로벌,053690,KOSPI
동성케미컬,102260,KOSPI
신한서부티엔디리츠,404990,KOSPI
코람코더원리츠,417310,KOSPI
동아지질,028100,KOSPI
LG헬로비전,037560,KOSPI
모나용평,070960,KOSPI
에이블씨엔씨,078520,KOSPI
일신방직,003200,KOSPI
콘텐트리중앙,036420,KOSPI
대교,019680,KOSPI
하나제약,293480,KOSPI
노루홀딩스,000320,KOSPI
남선알미늄,008350,KOSPI
성신양회,004980,KOSPI
일진홀딩스,015860,KOSPI
웅진씽크빅,095720,KOSPI
무학,033920,KOSPI
롯데하이마트,071840,KOSPI
삼성전기우,009155,KOSPI
해태제과식품,101530,KOSPI
AJ네트웍스,095570,KOSPI
경농,002100,KOSPI
토니모리,214420,KOSPI
일진다이아,081000,KOSPI
KEC,092220,KOSPI
삼화페인트,000390,KOSPI
CJ제일제당 우,097955,KOSPI
조선내화,462520,KOSPI
동화약품,000020,KOSPI
사조산업,007160,KOSPI
LG우,003555,KOSPI
진양홀딩스,100250,KOSPI
경방,000050,KOSPI
코오롱글로벌,003070,KOSPI
BYC,001460,KOSPI
무림P&P,009580,KOSPI
미원화학,134380,KOSPI
경보제약,214390,KOSPI
경동인베스트,012320,KOSPI
한국공항,005430,KOSPI
한국석유,004090,KOSPI
미원홀딩스,107590,KOSPI
일성건설,013360,KOSPI
일신석재,007110,KOSPI
그린케미칼,083420,KOSPI
JW생명과학,234080,KOSPI
퍼스텍,010820,KOSPI
코오롱모빌리티그룹,450140,KOSPI
제일약품,271980,KOSPI
금호석유우,011785,KOSPI
우진,105840,KOSPI
서연,007860,KOSPI
한국무브넥스,010100,KOSPI
다올투자증권,030210,KOSPI
진원생명과학,011000,KOSPI
대영포장,014160,KOSPI
삼성출판사,068290,KOSPI
삼영,003720,KOSPI
한독,002390,KOSPI
대유플러스,000300,KOSPI
에이프로젠바이오로직스,003060,KOSPI
한세예스24홀딩스,016450,KOSPI
동양,001520,KOSPI
이수화학,005950,KOSPI
강남제비스코,000860,KOSPI
S-Oil우,010955,KOSPI
아주스틸,139990,KOSPI
대동전자,008110,KOSPI
대신증권2우B,003547,KOSPI
현대리바트,079430,KOSPI
미창석유,003650,KOSPI
한국제지,027970,KOSPI
대성산업,128820,KOSPI
노루페인트,090350,KOSPI
한양증권,001750,KOSPI
NH올원리츠,400760,KOSPI
NPC,004250,KOSPI
효성화학,298000,KOSPI
SG글로벌,001380,KOSPI
유니퀘스트,077500,KOSPI
SK디앤디,210980,KOSPI
방림,003610,KOSPI
삼성제약,001360,KOSPI
이구산업,025820,KOSPI
대창단조,015230,KOSPI
이지스레지던스리츠,350520,KOSPI
벽산,007210,KOSPI
유니켐,011330,KOSPI
삼양통상,002170,KOSPI
태경산업,015890,KOSPI
태림포장,011280,KOSPI
유수홀딩스,000700,KOSPI
대한화섬,003830,KOSPI
사조동아원,008040,KOSPI
신세계건설,034300,KOSPI
한국주철관,000970,KOSPI
신원,009270,KOSPI
신라교역,004970,KOSPI
금호에이치티,214330,KOSPI
한솔테크닉스,004710,KOSPI
태경케미컬,006890,KOSPI
아남전자,008700,KOSPI
신흥,004080,KOSPI
자이에스앤디,317400,KOSPI
선진,136490,KOSPI
효성ITX,094280,KOSPI
STX,011810,KOSPI
디와이파워,210540,KOSPI
CJ우,001045,KOSPI
삼성물산우B,02826K,KOSPI
티와이홀딩스,363280,KOSPI
아시아나IDT,267850,KOSPI
페이퍼코리아,001020,KOSPI
AK홀딩스,006840,KOSPI
수산중공업,017550,KOSPI
에스엠벡셀,010580,KOSPI
디씨엠,024090,KOSPI
태경비케이,014580,KOSPI
진양산업,003780,KOSPI
덕성,004830,KOSPI
아모레G3우(전환),00279K,KOSPI
유한양행우,000105,KOSPI
KH 필룩스,033180,KOSPI
키다리스튜디오,020120,KOSPI
두산2우B,000157,KOSPI
대창,012800,KOSPI
유화증권,003460,KOSPI
신세계푸드,031440,KOSPI
경인양행,012610,KOSPI
진흥기업,002780,KOSPI
극동유화,014530,KOSPI
KIB플러그에너지,015590,KOSPI
조선선재,120030,KOSPI
KTcs,058850,KOSPI
샘표식품,248170,KOSPI
금강공업,014280,KOSPI
태양금속,004100,KOSPI
HS애드,035000,KOSPI
샘표,007540,KOSPI
SJG세종,033530,KOSPI
계룡건설,013580,KOSPI
HS효성,487570,KOSPI
동남합성,023450,KOSPI
제일파마홀딩스,002620,KOSPI
휴니드,005870,KOSPI
KCTC,009070,KOSPI
청호ICT,012600,KOSPI
종근당바이오,063160,KOSPI
삼익악기,002450,KOSPI
세아특수강,019440,KOSPI
CJ씨푸드,011150,KOSPI
HDC현대EP,089470,KOSPI
동일고무벨트,163560,KOSPI
대성홀딩스,016710,KOSPI
현대약품,004310,KOSPI
한신기계,011700,KOSPI
삼성공조,006660,KOSPI
한국수출포장,002200,KOSPI
모나리자,012690,KOSPI
디와이,013570,KOSPI
광전자,017900,KOSPI
한국화장품,123690,KOSPI
동인기연,111380,KOSPI
인천도시가스,034590,KOSPI
국제약품,002720,KOSPI
미래에셋글로벌리츠,396690,KOSPI
우신시스템,017370,KOSPI
신일전자,002700,KOSPI
동양철관,008970,KOSPI
경동도시가스,267290,KOSPI
동방,004140,KOSPI
대현,016090,KOSPI
한진중공업홀딩스,003480,KOSPI
한국특강,007280,KOSPI
동성제약,002210,KOSPI
진양화학,051630,KOSPI
한솔홀딩스,004150,KOSPI
크라운제과,264900,KOSPI
금호건설,002990,KOSPI
SK이노베이션우,096775,KOSPI
NI스틸,008260,KOSPI
조흥,002600,KOSPI
동일산업,004890,KOSPI
인지컨트롤스,023800,KOSPI
한컴라이프케어,372910,KOSPI
유니온머티리얼,047400,KOSPI
현대코퍼레이션홀딩스,227840,KOSPI
와이투솔루션,011690,KOSPI
HS화성,002460,KOSPI
KTis,058860,KOSPI
제일연마,001560,KOSPI
유니온,000910,KOSPI
에이플러스에셋,244920,KOSPI
삼원강재,023000,KOSPI
동원금속,018500,KOSPI
신영와코루,005800,KOSPI
사조씨푸드,014710,KOSPI
만호제강,001080,KOSPI
대호에이엘,069460,KOSPI
덕양산업,024900,KOSPI
두올,016740,KOSPI
성창기업지주,000180,KOSPI
휴비스,079980,KOSPI
깨끗한나라,004540,KOSPI
성안머티리얼스,011300,KOSPI
DRB동일,004840,KOSPI
한국내화,010040,KOSPI
범양건영,002410,KOSPI
무림페이퍼,009200,KOSPI
황금에스티,032560,KOSPI
신송홀딩스,006880,KOSPI
CS홀딩스,000590,KOSPI
코스맥스비티아이,044820,KOSPI
HL D&I,014790,KOSPI
남양유업우,003925,KOSPI
세이브존I&C,067830,KOSPI
NH프라임리츠,338100,KOSPI
팜스코,036580,KOSPI
텔코웨어,078000,KOSPI
동방아그로,007590,KOSPI
사조오양,006090,KOSPI
영보화학,014440,KOSPI
크라운해태홀딩스,005740,KOSPI
티웨이홀딩스,004870,KOSPI
화승코퍼레이션,013520,KOSPI
써니전자,004770,KOSPI
팜젠사이언스,004720,KOSPI
부산산업,011390,KOSPI
세원정공,021820,KOSPI
동부건설,005960,KOSPI
남광토건,001260,KOSPI
대구백화점,006370,KOSPI
까뮤이앤씨,013700,KOSPI
유유제약,000220,KOSPI
한솔홈데코,025750,KOSPI
형지엘리트,093240,KOSPI
일동홀딩스,000230,KOSPI
조광페인트,004910,KOSPI
한신공영,004960,KOSPI
삼호개발,010960,KOSPI
진양폴리,010640,KOSPI
평화홀딩스,010770,KOSPI
TP,007980,KOSPI
신한글로벌액티브리츠,481850,KOSPI
고려산업,002140,KOSPI
웅진,016880,KOSPI
호전실업,111110,KOSPI
인터지스,129260,KOSPI
인바이오젠,101140,KOSPI
엔케이,085310,KOSPI
테이팩스,055490,KOSPI
GS우,078935,KOSPI
쌍방울,102280,KOSPI
지엠비코리아,013870,KOSPI
기신정기,092440,KOSPI
평화산업,090080,KOSPI
이엔플러스,074610,KOSPI
유엔젤,072130,KOSPI
SK우,03473K,KOSPI
콤텍시스템,031820,KOSPI
화천기계,010660,KOSPI
혜인,003010,KOSPI
세원이앤씨,091090,KOSPI
광명전기,017040,KOSPI
삼화왕관,004450,KOSPI
화천기공,000850,KOSPI
SG세계물산,004060,KOSPI
대림B&Co,005750,KOSPI
STX그린로지스,465770,KOSPI
부국증권우,001275,KOSPI
보락,002760,KOSPI
새론오토모티브,075180,KOSPI
보해양조,000890,KOSPI
미래에셋증권우,006805,KOSPI
IHQ,003560,KOSPI
DSR,155660,KOSPI
삼정펄프,009770,KOSPI
두산퓨얼셀1우,33626K,KOSPI
비상교육,100220,KOSPI
상신브레이크,041650,KOSPI
한솔로지스틱스,009180,KOSPI
미래에셋맵스리츠,357250,KOSPI
동양피스톤,092780,KOSPI
하이스틸,071090,KOSPI
서원,021050,KOSPI
한국종합기술,023350,KOSPI
인디에프,014990,KOSPI
대양금속,009190,KOSPI
이건산업,008250,KOSPI
금비,008870,KOSPI
인팩,023810,KOSPI
다스코,058730,KOSPI
엑시큐어하이트론,019490,KOSPI
아모레G우,002795,KOSPI
삼일씨엔에스,004440,KOSPI
이스타코,015020,KOSPI
영풍제지,006740,KOSPI
화승알앤에이,378850,KOSPI
명문제약,017180,KOSPI
조비,001550,KOSPI
천일고속,000650,KOSPI
티에이치엔,019180,KOSPI
갤럭시아에스엠,011420,KOSPI
플레이그램,009810,KOSPI
SH에너지화학,002360,KOSPI
마니커,027740,KOSPI
코오롱인더우,120115,KOSPI
현대건설우,000725,KOSPI
케이비아이동국실업,001620,KOSPI
메타케어,118000,KOSPI
선도전기,007610,KOSPI
서울식품,004410,KOSPI
씨아이테크,004920,KOSPI
DSR제강,069730,KOSPI
한일철강,002220,KOSPI
삼화전자,011230,KOSPI
DL이앤씨2우(전환),37550L,KOSPI
롯데칠성우,005305,KOSPI
아진전자부품,009320,KOSPI
씨티알모빌리티,308170,KOSPI
부국철강,026940,KOSPI
윌비스,008600,KOSPI
문배철강,008420,KOSPI
웰바이오텍,010600,KOSPI
성보화학,003080,KOSPI
시디즈,134790,KOSPI
유성기업,002920,KOSPI
미래산업,025560,KOSPI
한화솔루션우,009835,KOSPI
에쓰씨엔지니어링,023960,KOSPI
대유에이텍,002880,KOSPI
마스턴프리미어리츠,357430,KOSPI
케이탑리츠,145270,KOSPI
일진디스플,020760,KOSPI
상상인증권,001290,KOSPI
SJM홀딩스,025530,KOSPI
우성,006980,KOSPI
금호전기,001210,KOSPI
SJM,123700,KOSPI
SK케미칼우,28513K,KOSPI
영화금속,012280,KOSPI
SK디스커버리우,006125,KOSPI
한익스프레스,014130,KOSPI
한창제지,009460,KOSPI
계양전기,012200,KOSPI
핸즈코퍼레이션,143210,KOSPI
신풍,002870,KOSPI
영흥,012160,KOSPI
체시스,033250,KOSPI
유니드비티플러스,446070,KOSPI
대원화성,024890,KOSPI
우진플라임,049800,KOSPI
모나미,005360,KOSPI
다이나믹디자인,145210,KOSPI
남성,004270,KOSPI
세우글로벌,013000,KOSPI
부산주공,005030,KOSPI
대림통상,006570,KOSPI
MH에탄올,023150,KOSPI
유안타증권우,003475,KOSPI
유화증권우,003465,KOSPI
솔루스첨단소재1우,33637K,KOSPI
한세엠케이,069640,KOSPI
화인베스틸,133820,KOSPI
한국전자홀딩스,006200,KOSPI
DL이앤씨우,37550K,KOSPI
SUN&L,002820,KOSPI
온타이드,005320,KOSPI
메타랩스,090370,KOSPI
국보,001140,KOSPI
KC코트렐,119650,KOSPI
DL우,000215,KOSPI
원림,005820,KOSPI
에넥스,011090,KOSPI
신풍제약우,019175,KOSPI
전방,000950,KOSPI
한화투자증권우,003535,KOSPI
이화산업,000760,KOSPI
한성기업,003680,KOSPI
경인전자,009140,KOSPI
참엔지니어링,009310,KOSPI
코아스,071950,KOSPI
세방우,004365,KOSPI
세기상사,002420,KOSPI
WISCOM,024070,KOSPI
대한방직,001070,KOSPI
BYC우,001465,KOSPI
성문전자,014910,KOSPI
KR모터스,000040,KOSPI
태원물산,001420,KOSPI
호텔신라우,008775,KOSPI
동일제강,002690,KOSPI
한솔PNS,010420,KOSPI
주연테크,044380,KOSPI
대한항공우,003495,KOSPI
대교우B,019685,KOSPI
비비안,002070,KOSPI
미래아이앤지,007120,KOSPI
아센디오,012170,KOSPI
대상우,001685,KOSPI
우진아이엔에스,010400,KOSPI
동원수산,030720,KOSPI
두산퓨얼셀2우B,33626L,KOSPI
한창,005110,KOSPI
에이엔피,015260,KOSPI
TBH글로벌,084870,KOSPI
진도,088790,KOSPI
대상홀딩스우,084695,KOSPI
롯데지주우,00499K,KOSPI
KC그린홀딩스,009440,KOSPI
한국ANKOR유전,152550,KOSPI
동양고속,084670,KOSPI
한국주강,025890,KOSPI
LX하우시스우,108675,KOSPI
녹십자홀딩스2우,005257,KOSPI
덕성우,004835,KOSPI
삼양홀딩스우,000075,KOSPI
넥센타이어1우B,002355,KOSPI
제이준코스메틱,025620,KOSPI
코리아써우,007815,KOSPI
SHD,001770,KOSPI
대덕전자1우,35320K,KOSPI
하이트진로2우B,000087,KOSPI
태양금속우,004105,KOSPI
솔루스첨단소재2우B,33637L,KOSPI
스타에스엠리츠,204210,KOSPI
대한제당우,001795,KOSPI
에이리츠,140910,KOSPI
코오롱우,002025,KOSPI
한진칼우,18064K,KOSPI
일정실업,008500,KOSPI
NPC우,004255,KOSPI
JW중외제약2우B,001067,KOSPI
LX홀딩스1우,38380K,KOSPI
대원전선우,006345,KOSPI
코오롱글로벌우,003075,KOSPI
유유제약1우,000225,KOSPI
삼양사우,145995,KOSPI
넥센우,005725,KOSPI
코오롱모빌리티그룹우,45014K,KOSPI
JW중외제약우,001065,KOSPI
대덕1우,00806K,KOSPI
한국패러랠,168490,KOSPI
한화우,000885,KOSPI
성신양회우,004985,KOSPI
크라운제과우,26490K,KOSPI
노루홀딩스우,000325,KOSPI
한화갤러리아우,45226K,KOSPI
SK증권우,001515,KOSPI
한양증권우,001755,KOSPI
노루페인트우,090355,KOSPI
일양약품우,007575,KOSPI
티와이홀딩스우,36328K,KOSPI
동원시스템즈우,014825,KOSPI
하이트진로홀딩스우,000145,KOSPI
남선알미우,008355,KOSPI
크라운해태홀딩스우,005745,KOSPI
계양전기우,012205,KOSPI
동부건설우,005965,KOSPI
깨끗한나라우,004545,KOSPI
코리아써키트2우B,00781K,KOSPI
금호건설우,002995,KOSPI
흥국화재우,000545,KOSPI
금강공업우,014285,KOSPI
011155,CJ씨푸드1우,KOSPI
000227,유유제약2우B,KOSPI
002787,진흥기업2우B,KOSPI
009415,태영건설우,KOSPI
014915,성문전자우,KOSPI
002785,진흥기업우B,KOSPI
004415,서울식품우,KOSPI
001527,동양2우B,KOSPI
001525,동양우,KOSPI
